Molecule ChEMBL ID,Smiles,IC50,Comment,activity
CHEMBL3183703,CC(C)(O)c1coc(S(=O)(=O)NC(=O)Nc2c3c(cc4c2CCC4)CCC3)c1,5,very active,active
CHEMBL4204644,[2H]C([2H])([2H])C(O)(c1coc(S(=O)(=O)NC(=O)Nc2c3c(cc4c2CCC4)CCC3)c1)C([2H])([2H])[2H],5,very active,active
CHEMBL4644835,Cc1ccc(S(=O)(=NC#N)NC(=O)Nc2c3c(cc4c2CCC4)CCC3)cc1F,5.3,very active,active
CHEMBL5219789,CN[C@@H]1COc2c(S(=O)(=O)NC(=O)Nc3c4c(cc5c3CCC5)CCC4)cnn2C1,5.4,very active,active
CHEMBL4212407,[2H]C1([2H])CCc2c1cc1c(c2NC(=O)NS(=O)(=O)c2cc(C(C)(C)O)co2)CCC1,6,very active,active
CHEMBL4209503,[2H]C1([2H])CCc2cc3c(c(NC(=O)NS(=O)(=O)c4cc(C(C)(C)O)co4)c21)C([2H])([2H])CC3,6,very active,active
CHEMBL4647321,Cc1ccc(S(=O)(=NC#N)NC(=O)Nc2c3c(cc4c2CCC4)CCC3)cc1,6.8,very active,active
CHEMBL4216836,[2H]C1([2H])CCc2c1cc1c(c2NC(=O)NS(=O)(=O)c2cc(C(C)(C)O)co2)CCC1([2H])[2H],7,very active,active
CHEMBL3183703,CC(C)(O)c1coc(S(=O)(=O)NC(=O)Nc2c3c(cc4c2CCC4)CCC3)c1,8,very active,active
CHEMBL3183703,CC(C)(O)c1coc(S(=O)(=O)NC(=O)Nc2c3c(cc4c2CCC4)CCC3)c1,8.1,very active,active
CHEMBL3183703,CC(C)(O)c1coc(S(=O)(=O)NC(=O)Nc2c3c(cc4c2CCC4)CCC3)c1,8.1,very active,active
CHEMBL3183703,CC(C)(O)c1coc(S(=O)(=O)NC(=O)Nc2c3c(cc4c2CCC4)CCC3)c1,8.1,very active,active
CHEMBL4641961,N#CN=S(=O)(NC(=O)Nc1c2c(cc3c1CCC3)CCC2)c1cccc(C#N)c1,11.7,very active,active
CHEMBL5218811,COC1CN([C@@H]2COc3c(S(=O)(=O)NC(=O)Nc4c5c(cc6c4CCC6)CCC5)cnn3C2)C1,12,very active,active
CHEMBL5220779,CN(C)[C@@H]1COc2c(S(=O)(=O)NC(=O)Nc3c4c(cc5c3CCC5)CCC4)cnn2C1,13,very active,active
CHEMBL3183703,CC(C)(O)c1coc(S(=O)(=O)NC(=O)Nc2c3c(cc4c2CCC4)CCC3)c1,13,very active,active
CHEMBL5196139,S=c1cc(Cc2ccccn2)[nH]c2nc(Nc3c4c(cc5c3CCC5)CCC4)nn12,13,very active,active
CHEMBL4642066,Cc1ccc(S(=O)(=O)NC(=O)Nc2c3c(cc4c2CCC4)CCC3)cc1,15,very active,active
CHEMBL5219789,CN[C@@H]1COc2c(S(=O)(=O)NC(=O)Nc3c4c(cc5c3CCC5)CCC4)cnn2C1,16,very active,active
CHEMBL5219789,CN[C@@H]1COc2c(S(=O)(=O)NC(=O)Nc3c4c(cc5c3CCC5)CCC4)cnn2C1,17,very active,active
CHEMBL5219789,CN[C@@H]1COc2c(S(=O)(=O)NC(=O)Nc3c4c(cc5c3CCC5)CCC4)cnn2C1,17,very active,active
CHEMBL5219789,CN[C@@H]1COc2c(S(=O)(=O)NC(=O)Nc3c4c(cc5c3CCC5)CCC4)cnn2C1,17,very active,active
CHEMBL4647621,N#CN=S(=O)(NC(=O)Nc1c2c(cc3c1CCC3)CCC2)c1ccccc1,21,very active,active
CHEMBL4649141,N#CN=S(=O)(NC(=O)Nc1c2c(cc3c1CCC3)CCC2)c1ccccn1,23,very active,active
CHEMBL4752523,O=C(Nc1c2c(cc3c1CCC3)CCC2)NS(=O)(=O)/C=C/c1nccs1,24,very active,active
CHEMBL4752523,O=C(Nc1c2c(cc3c1CCC3)CCC2)NS(=O)(=O)/C=C/c1nccs1,26,very active,active
CHEMBL4790034,CCOC(=O)[C@@H](Cc1cnccn1)NC(=O)Nc1c2c(cc3c1CCC3)CCC2,30,very active,active
CHEMBL4752523,O=C(Nc1c2c(cc3c1CCC3)CCC2)NS(=O)(=O)/C=C/c1nccs1,33,very active,active
CHEMBL4780624,CCOC(=O)[C@@H](Cc1ncccn1)NC(=O)Nc1c2c(cc3c1CCC3)CCC2,33,very active,active
CHEMBL4643205,N#CN=S(=O)(NC(=O)Nc1c2c(cc3c1CCC3)CCC2)c1ccc(C#N)cc1,34,very active,active
CHEMBL5196139,S=c1cc(Cc2ccccn2)[nH]c2nc(Nc3c4c(cc5c3CCC5)CCC4)nn12,34,very active,active
CHEMBL4640151,O=C(Nc1c2c(cc3c1CCC3)CCC2)NS(=O)(=O)c1ccccc1,35,very active,active
CHEMBL4752523,O=C(Nc1c2c(cc3c1CCC3)CCC2)NS(=O)(=O)/C=C/c1nccs1,35,very active,active
CHEMBL4780624,CCOC(=O)[C@@H](Cc1ncccn1)NC(=O)Nc1c2c(cc3c1CCC3)CCC2,36,very active,active
CHEMBL4636825,N#CN=S(=O)(NC(=O)Nc1c2c(cc3c1CCC3)CCC2)c1cccnc1,36.3,very active,active
CHEMBL5219789,CN[C@@H]1COc2c(S(=O)(=O)NC(=O)Nc3c4c(cc5c3CCC5)CCC4)cnn2C1,48,very active,active
CHEMBL5207889,CN(C)c1ccc(S(=O)(=O)NC(=O)Nc2c3c(cc4c2CCC4)CCC3)c2nsnc12,49,very active,active
CHEMBL5219789,CN[C@@H]1COc2c(S(=O)(=O)NC(=O)Nc3c4c(cc5c3CCC5)CCC4)cnn2C1,51,very active,active
CHEMBL5180041,O=C(Cc1ccc2cc[nH]c2c1)Nc1cccc(O)c1,58,very active,active
CHEMBL5184033,CN(C)c1ccc(S(=O)(=O)NC(=O)Nc2c3c(cc4c2CCC4)CCC3)c2nonc12,60,very active,active
CHEMBL5188490,CSc1ccc(S(=O)(=O)NC(=O)Nc2c3c(cc4c2CCC4)CCC3)c2nonc12,61,very active,active
CHEMBL5219660,O=C(Nc1c2c(cc3c1CCC3)CCC2)NS(=O)(=O)c1cnn2c1OCCC2,63,very active,active
CHEMBL4758640,O=C(Nc1c2c(cc3c1CCC3)CCC2)NS(=O)(=O)/C=C/c1cccs1,70,very active,active
CHEMBL4539790,CC(=O)C1=C(C(Cl)(Cl)Cl)N[B-](c2ccccc2)(c2ccccc2)[O+]=C1N,74,very active,active
CHEMBL4759516,Cc1csc(/C=C/S(=O)(=O)NC(=O)Nc2c3c(cc4c2CCC4)CCC3)n1,76,very active,active
CHEMBL5180041,O=C(Cc1ccc2cc[nH]c2c1)Nc1cccc(O)c1,77,very active,active
CHEMBL4791679,CCS(=O)(=O)Cc1csc(/C=C/S(=O)(=O)NC(=O)Nc2c3c(cc4c2CCC4)CCC3)n1,79,very active,active
CHEMBL5173327,C#CCNS(=O)(=O)c1ccc(CCN(Cc2cc(Cl)ccc2OCCC)C(=O)c2ccc(F)cc2)cc1,84,very active,active
CHEMBL5220378,CC(C)n1cc(S(=O)(=O)NC(=O)Nc2c3c(cc4c2CCC4)CCC3)cn1,86,very active,active
CHEMBL4745667,CCSCc1csc(/C=C/S(=O)(=O)NC(=O)Nc2c3c(cc4c2CCC4)CCC3)n1,93,very active,active
CHEMBL4756798,O=C(Nc1c2c(cc3c1CCC3)CCC2)NS(=O)(=O)/C=C/c1ccsc1,96,very active,active
CHEMBL5180041,O=C(Cc1ccc2cc[nH]c2c1)Nc1cccc(O)c1,98,very active,active
CHEMBL4866852,CC(C)c1cc(F)cc2c1CC(=O)NS(=O)(=O)c1cnn(c1)C(C)(C)COc1cc-2ccn1,100,very active,active
CHEMBL4861331,CC(C)c1cc(F)c(F)c2c1CC(=O)NS(=O)(=O)c1cnn(c1)C(C)(C)COc1cc-2ccn1,100,very active,active
CHEMBL5187589,CN(C)c1ccc(S(=O)(=O)NC(=O)Nc2c3c(cc4c2CCC4)CCC3)c2n[se]nc12,100,very active,active
CHEMBL4859990,CC(C)c1c(F)c(F)cc2c1CC(=O)NS(=O)(=O)c1cnn(c1)C(C)(C)COc1cc-2ccn1,100,very active,active
CHEMBL4866852,CC(C)c1cc(F)cc2c1CC(=O)NS(=O)(=O)c1cnn(c1)C(C)(C)COc1cc-2ccn1,100,very active,active
CHEMBL5184563,O=C(Nc1c2c(cc3c1CCC3)CCC2)NS(=O)(=O)c1ccc(N2CCOCC2)c2nonc12,108,very active,active
CHEMBL4646271,N#CN=S(=O)(NC(=O)Nc1c2c(cc3c1CCC3)CCC2)c1ccncc1,110,very active,active
CHEMBL4756693,O=C(Nc1c2c(cc3c1CCC3)CCC2)NS(=O)(=O)/C=C/c1cncs1,126,very active,active
CHEMBL5185500,S=c1cc(CC2CCCCO2)[nH]c2nc(Nc3c4c(cc5c3CCC5)CCC4)nn12,130,very active,active
CHEMBL4742825,CC(C)(O)c1csc(/C=C/S(=O)(=O)NC(=O)Nc2c3c(cc4c2CCC4)CCC3)n1,142,very active,active
CHEMBL5184899,O=C(Nc1c2c(cc3c1CCC3)CCC2)NS(=O)(=O)c1ccc(Cl)c2nonc12,146,very active,active
CHEMBL4780624,CCOC(=O)[C@@H](Cc1ncccn1)NC(=O)Nc1c2c(cc3c1CCC3)CCC2,160,very active,active
CHEMBL4778322,O=C(Nc1c2c(cc3c1CCC3)CCC2)NS(=O)(=O)/C=C/c1ccncc1,164,very active,active
CHEMBL5196575,CC(C)c1ccc(CC(=O)Nc2cccc(O)c2)cc1,176.8,very active,active
CHEMBL5185500,S=c1cc(CC2CCCCO2)[nH]c2nc(Nc3c4c(cc5c3CCC5)CCC4)nn12,190,very active,active
CHEMBL4790034,CCOC(=O)[C@@H](Cc1cnccn1)NC(=O)Nc1c2c(cc3c1CCC3)CCC2,200,very active,active
CHEMBL4792478,CC(C)(O)c1coc(/C=C/S(=O)(=O)NC(=O)Nc2c3c(cc4c2CCC4)CCC3)c1,208,very active,active
CHEMBL5218858,Cn1cc(S(=O)(=O)NC(=O)Nc2c3c(cc4c2CCC4)CCC3)cn1,210,very active,active
CHEMBL5202921,COc1cc(/C=C/c2ccc(NC(=O)c3ccco3)cc2)c(/C=C/[N+](=O)[O-])c(OC)c1,213,very active,active
CHEMBL3904593,CC(C)(O)c1coc(S(=O)(=O)NC(=O)Nc2c3c(cc4c2C(O)CC4)CCC3)c1,232,very active,active
CHEMBL5186980,COc1ccc(CC(=O)Nc2cccc(O)c2)cc1,239.2,very active,active
CHEMBL5200838,O=c1cc(Cc2ccccn2)[nH]c2nc(Nc3c4c(cc5c3CCC5)CCC4)nn12,240,very active,active
CHEMBL4778164,CC[S+]([O-])Cc1csc(/C=C/S(=O)(=O)NC(=O)Nc2c3c(cc4c2CCC4)CCC3)n1,243,very active,active
CHEMBL5188246,O=C(Nc1c2c(cc3c1CCC3)CCC2)NS(=O)(=O)c1ccc(N2CC3CCC(C2)O3)c2nonc12,243,very active,active
CHEMBL5183540,O=C(Nc1c2c(cc3c1CCC3)CCC2)NS(=O)(=O)c1ccc(NC2CC(F)(F)C2)c2nonc12,247,very active,active
CHEMBL5200838,O=c1cc(Cc2ccccn2)[nH]c2nc(Nc3c4c(cc5c3CCC5)CCC4)nn12,260,moderately active,active
CHEMBL4849582,COc1cc(/C=C/c2ccc(NC(=O)C3CC3)cc2)c(/C=C/[N+](=O)[O-])c(OC)c1,263,moderately active,active
CHEMBL5219789,CN[C@@H]1COc2c(S(=O)(=O)NC(=O)Nc3c4c(cc5c3CCC5)CCC4)cnn2C1,290,moderately active,active
CHEMBL4751187,Cc1c2c(c(NC(=O)NS(=O)(=O)/C=C/c3nccs3)c3c1CCC3)CCC2,294,moderately active,active
CHEMBL4753623,O=C(Nc1c2c(cc3c1CCC3)CCC2)NS(=O)(=O)/C=C/c1nc(CO)cs1,306,moderately active,active
CHEMBL5220708,Cn1ccc(S(=O)(=O)NC(=O)Nc2c3c(cc4c2CCC4)CCC3)n1,340,moderately active,active
CHEMBL4758006,CN(C)C(=O)c1csc(/C=C/S(=O)(=O)NC(=O)Nc2c3c(cc4c2CCC4)CCC3)n1,344,moderately active,active
CHEMBL4795321,O=C(Nc1c2c(cc3c1CCC3)CCC2)NS(=O)(=O)/C=C/c1cscn1,369,moderately active,active
CHEMBL4790034,CCOC(=O)[C@@H](Cc1cnccn1)NC(=O)Nc1c2c(cc3c1CCC3)CCC2,370,moderately active,active
CHEMBL5219789,CN[C@@H]1COc2c(S(=O)(=O)NC(=O)Nc3c4c(cc5c3CCC5)CCC4)cnn2C1,380,moderately active,active
CHEMBL5209496,O=C(Cc1ccc(OC(F)F)cc1)Nc1cccc(O)c1,380.3,moderately active,active
CHEMBL5201588,CCOc1ccc(CC(=O)Nc2cccc(O)c2)cc1,387.3,moderately active,active
CHEMBL5219789,CN[C@@H]1COc2c(S(=O)(=O)NC(=O)Nc3c4c(cc5c3CCC5)CCC4)cnn2C1,400,moderately active,active
CHEMBL5219182,O=C(Nc1c2c(cc3c1CCC3)CCC2)NS(=O)(=O)c1cnn2c1CCCC2,410,moderately active,active
CHEMBL5220239,O=C(Nc1c2c(cc3c1CCC3)CCC2)NS(=O)(=O)c1cnn2cccnc12,430,moderately active,active
CHEMBL5219688,Cc1ncc(S(=O)(=O)NC(=O)Nc2c3c(cc4c2CCC4)CCC3)s1,430,moderately active,active
CHEMBL4802424,O=C(Nc1c2c(cc3c1CCC3)CCC2)NS(=O)(=O)c1ccco1,440,moderately active,active
CHEMBL4741204,O=C([N-]S(=O)(=O)c1ccco1)Nc1c2c(cc3c1CCC3)CCC2.[K+],450,moderately active,active
CHEMBL5219789,CN[C@@H]1COc2c(S(=O)(=O)NC(=O)Nc3c4c(cc5c3CCC5)CCC4)cnn2C1,490,moderately active,active
CHEMBL4874656,COc1cn2nc1S(=O)(=O)NC(=O)Cc1c(cccc1C(C)C)-c1ccnc(c1)OCC2(C)C,500,moderately active,active
CHEMBL4854135,CC(C)c1cccc2c1CC(=O)NS(=O)(=O)c1nn(cc1F)C(C)(C)COc1cc-2ccn1,500,moderately active,active
CHEMBL4854135,CC(C)c1cccc2c1CC(=O)NS(=O)(=O)c1nn(cc1F)C(C)(C)COc1cc-2ccn1,500,moderately active,active
CHEMBL4859990,CC(C)c1c(F)c(F)cc2c1CC(=O)NS(=O)(=O)c1cnn(c1)C(C)(C)COc1cc-2ccn1,500,moderately active,active
CHEMBL4874656,COc1cn2nc1S(=O)(=O)NC(=O)Cc1c(cccc1C(C)C)-c1ccnc(c1)OCC2(C)C,500,moderately active,active
CHEMBL4850095,CC(C)c1cccc2c1CC(=O)NS(=O)(=O)c1cnn(c1)C1(CC1)COc1cc-2ccn1,500,moderately active,active
CHEMBL4862114,CC(C)c1cc(F)c(F)c2c1CC(=O)NS(=O)(=O)c1nn(cc1F)C(C)(C)COc1cc-2ccn1,500,moderately active,active
CHEMBL4849674,CC(C)c1cccc2c1CC(=O)NS(=O)(=O)c1cnn(c1)C(C)(C)COc1cc-2ccn1,500,moderately active,active
CHEMBL4849674,CC(C)c1cccc2c1CC(=O)NS(=O)(=O)c1cnn(c1)C(C)(C)COc1cc-2ccn1,500,moderately active,active
CHEMBL1490692,O=C(Nc1cccc(Cl)c1)c1cc(N=Nc2ccc([N+](=O)[O-])cc2Cl)ccc1O,566,moderately active,active
CHEMBL5195278,Cc1cc(=S)n2nc(Nc3c4c(cc5c3CCC5)CCC4)nc2[nH]1,600,moderately active,active
CHEMBL5207305,CN(C)[C@@H]1CCCC[C@H]1N(C)c1ccc(S(=O)(=O)NC(=O)Nc2c3c(cc4c2CCC4)CCC3)c2nonc12,636,moderately active,active
CHEMBL1331770,Cc1cccc(C(=O)NNC(=O)c2c(O)c3ccccc3n(C)c2=O)c1,640,moderately active,active
CHEMBL5189690,O=C(Nc1c2c(cc3c1CCC3)CCC2)NS(=O)(=O)c1ccc(N2C[C@@H]3[C@@H](CO)[C@@H]3C2)c2nonc12,641,moderately active,active
CHEMBL5197960,O=C(Cc1ccc(Br)cc1)Nc1cccc(O)c1,645.3,moderately active,active
CHEMBL1703295,COc1c(OC(C)=O)c(=O)n2c3ccccc3c3ccnc1c32,665,moderately active,active
CHEMBL1076347,O=C(Nc1ccc(Cl)cc1)Nc1ccc(Cl)c(Cl)c1,805,moderately active,active
CHEMBL236150,CC(=O)Oc1c(I)cc(I)cc1C(=O)Nc1ccc(Cl)cc1,813,moderately active,active
CHEMBL1525362,c1ccc(C2Nc3ccccc3C3OCCCC23)cc1,881,moderately active,active
CHEMBL5179909,CC(C)(C)OC(=O)NC1CN(c2ccc(S(=O)(=O)NC(=O)Nc3c4c(cc5c3CCC5)CCC4)c3nonc23)C1,947,moderately active,active
CHEMBL5219226,O=C(Nc1c2c(cc3c1CCC3)CCC2)NS(=O)(=O)c1cnccn1,960,moderately active,active
CHEMBL4633769,Cc1ccc(S(=O)(=O)NS(=O)(=O)Nc2c3c(cc4c2CCC4)CCC3)cc1,1000,moderately active,active
CHEMBL4649881,O=C(Nc1c2c(cc3c1CCC3)CCC2)NC(c1ccccc1)C(F)(F)F,1000,moderately active,active
CHEMBL4634472,O=C(Nc1c2c(cc3c1CCC3)CCC2)NP(=O)(O)c1ccccc1,1000,moderately active,active
CHEMBL4643208,Cc1ccc(S(=O)(=O)NC(=O)C(=O)c2c3c(cc4c2CCC4)CCC3)cc1,1000,moderately active,active
CHEMBL4636808,N#CC(NC(=O)Nc1c2c(cc3c1CCC3)CCC2)c1ccccc1,1000,moderately active,active
CHEMBL4643062,Cc1ccc(S(=O)(=Nc2ccn[nH]2)NC(=O)Nc2c3c(cc4c2CCC4)CCC3)cc1,1000,moderately active,active
CHEMBL4850095,CC(C)c1cccc2c1CC(=O)NS(=O)(=O)c1cnn(c1)C1(CC1)COc1cc-2ccn1,1000,moderately active,active
CHEMBL4861331,CC(C)c1cc(F)c(F)c2c1CC(=O)NS(=O)(=O)c1cnn(c1)C(C)(C)COc1cc-2ccn1,1000,moderately active,active
CHEMBL4744515,O=C(Nc1c2c(cc3c1CCC3)CCC2)NS(=O)(=O)/C=C/c1ccccn1,1000,moderately active,active
CHEMBL4755384,O=C(Nc1c2c(cc3c1OCC3)OCC2)NS(=O)(=O)/C=C/c1nccs1,1000,moderately active,active
CHEMBL4649621,Cc1ccc(S(=O)(=O)Nc2c(Nc3c4c(cc5c3CCC5)CCC4)c(=O)c2=O)cc1,1000,moderately active,active
CHEMBL4644865,Cc1ccc(S(=O)(=NCC(F)(F)F)NC(=O)Nc2c3c(cc4c2CCC4)CCC3)cc1,1000,moderately active,active
CHEMBL4635816,CC(=O)N=S(=O)(NC(=O)Nc1c2c(cc3c1CCC3)CCC2)c1ccc(C)cc1,1000,moderately active,active
CHEMBL4763529,O=C(Nc1c2c(cc3c1CCC3)CCC2)NS(=O)(=O)/C=C/c1nc2ccccc2s1,1000,moderately active,active
CHEMBL4745706,COc1cccc(OC)c1NC(=O)NS(=O)(=O)/C=C/c1nccs1,1000,moderately active,active
CHEMBL4634682,CN=S(=O)(NC(=O)Nc1c2c(cc3c1CCC3)CCC2)c1ccc(C)cc1,1000,moderately active,active
CHEMBL4637610,Cc1ccc(S(=O)(=NC(N)=O)NC(=O)Nc2c3c(cc4c2CCC4)CCC3)cc1,1000,moderately active,active
CHEMBL4643011,Cc1ccc(S(=O)(=O)NC(=O)C(O)c2c3c(cc4c2CCC4)CCC3)cc1,1000,moderately active,active
CHEMBL4753197,CC(C)c1cccc(C(C)C)c1NC(=O)NS(=O)(=O)/C=C/c1nccs1,1000,moderately active,active
CHEMBL4633580,Cc1ccc(S(=O)(=O)NC(=O)C(=O)Nc2c3c(cc4c2CCC4)CCC3)cc1,1000,moderately active,active
CHEMBL4640804,Cc1ccc(S(=O)(=O)NC(=O)Cc2c3c(cc4c2CCC4)CCC3)cc1,1000,moderately active,active
CHEMBL4649429,CON=S(=O)(NC(=O)Nc1c2c(cc3c1CCC3)CCC2)c1ccc(C)cc1,1000,moderately active,active
CHEMBL4644503,CCOC(=O)N=S(=O)(NC(=O)Nc1c2c(cc3c1CCC3)CCC2)c1ccc(C)cc1,1000,moderately active,active
CHEMBL4640644,Cc1ccc(S(=O)(=O)N/C(=N\C#N)Nc2c3c(cc4c2CCC4)CCC3)cc1,1000,moderately active,active
CHEMBL4641660,O=C(Nc1c2c(cc3c1CCC3)CCC2)NC1(c2ccccc2)COC1,1000,moderately active,active
CHEMBL4646037,Cc1ccc(S(=O)(=Nc2ccc(F)cc2)NC(=O)Nc2c3c(cc4c2CCC4)CCC3)cc1,1000,moderately active,active
CHEMBL4777050,O=C(Nc1cc(C(F)(F)F)ccc1C(F)(F)F)NS(=O)(=O)/C=C/c1nccs1,1000,moderately active,active
CHEMBL4740148,C/C1=C\CC[C@]2(C)O[C@@H]2[C@H]2OC(=O)[C@@H](CN(C)CCOc3no[n+]([O-])c3S(=O)(=O)c3ccccc3)[C@@H]2CC1,1000,moderately active,active
CHEMBL4782757,Cc1cc(C)c(C)c(NC(=O)NS(=O)(=O)/C=C/c2nccs2)c1C,1000,moderately active,active
CHEMBL4748040,O=C(Nc1ccccc1C(F)(F)F)NS(=O)(=O)/C=C/c1nccs1,1000,moderately active,active
CHEMBL4797652,O=C(Nc1c(F)cccc1C(F)(F)F)NS(=O)(=O)/C=C/c1nccs1,1000,moderately active,active
CHEMBL1331770,Cc1cccc(C(=O)NNC(=O)c2c(O)c3ccccc3n(C)c2=O)c1,1030,moderately active,active
CHEMBL1366588,Cl.O=C(CCS(=O)(=O)c1ccccc1)N(CCCN1CCOCC1)c1nc2c(F)cccc2s1,1050,moderately active,active
CHEMBL4760079,Cc1cnc(/C=C/S(=O)(=O)NC(=O)Nc2c3c(cc4c2CCC4)CCC3)s1,1061,moderately active,active
CHEMBL1457403,CCN(CC)c1ccc2nc3ccc(N)cc3[n+](-c3ccccc3)c2c1.[Cl-],1080,moderately active,active
CHEMBL5220818,O=C(Nc1c2c(cc3c1CCC3)CCC2)NS(=O)(=O)c1cccnc1,1080,moderately active,active
CHEMBL5204941,O=C(Cc1ccc(C(F)(F)F)cc1)Nc1cccc(O)c1,1083,moderately active,active
CHEMBL1559889,CC(C)NC(=O)c1c(O)nc2ccccc2c1O,1190,moderately active,active
CHEMBL5219660,O=C(Nc1c2c(cc3c1CCC3)CCC2)NS(=O)(=O)c1cnn2c1OCCC2,1210,moderately active,active
CHEMBL4228510,COc1ccc(C/C(=N\O)c2nc3ccc(OC)cc3o2)cc1,1220,moderately active,active
CHEMBL1427059,CCSc1nsc(NC(=O)Nc2cccc(F)c2)n1,1220,moderately active,active
CHEMBL3956814,CC(C)(O)c1coc(S(=O)(=O)NC(=O)Nc2c3c(cc4c2CC[C@H]4O)CCC3)c1,1238,moderately active,active
CHEMBL4782189,COc1c(/C=C/C(=O)c2ccccc2)cc(OC)c2occc12,1300,moderately active,active
CHEMBL5205427,O=c1cc(CC2CCCCO2)[nH]c2nc(Nc3c4c(cc5c3CCC5)CCC4)nn12,1300,moderately active,active
CHEMBL5219535,O=C(Nc1c2c(cc3c1CCC3)CCC2)NS(=O)(=O)c1ccccn1,1330,moderately active,active
CHEMBL1490692,O=C(Nc1cccc(Cl)c1)c1cc(N=Nc2ccc([N+](=O)[O-])cc2Cl)ccc1O,1340,moderately active,active
CHEMBL5219210,CN[C@H]1COc2c(S(=O)(=O)NC(=O)Nc3c4c(cc5c3CCC5)CCC4)cnn2C1,1400,moderately active,active
CHEMBL1336269,COc1ccc(NC(=O)C#Cc2ccccc2)cc1,1440,moderately active,active
CHEMBL1076347,O=C(Nc1ccc(Cl)cc1)Nc1ccc(Cl)c(Cl)c1,1490,moderately active,active
CHEMBL4764722,COC(=O)[C@@H](Cc1ccc(C#N)cc1)NC(=O)Nc1c2c(cc3c1CCC3)CCC2,1500,moderately active,active
CHEMBL4795765,COC(=O)[C@@H](Cc1cccc(C#N)c1)NC(=O)Nc1c2c(cc3c1CCC3)CCC2,1500,moderately active,active
CHEMBL4762524,COC(=O)[C@@H](Cc1cccnc1)NC(=O)Nc1c2c(cc3c1CCC3)CCC2,1500,moderately active,active
CHEMBL5196139,S=c1cc(Cc2ccccn2)[nH]c2nc(Nc3c4c(cc5c3CCC5)CCC4)nn12,1500,moderately active,active
CHEMBL129795,O=C(/C=C/c1ccc(O)cc1)c1ccc(O)cc1O,1540,moderately active,active
CHEMBL5218938,O=C(Nc1c2c(cc3c1CCC3)CCC2)NS(=O)(=O)c1ccncc1,1540,moderately active,active
CHEMBL1343658,Cn1c(=O)c(C(=O)NNC(=O)c2ccccc2F)c(O)c2ccccc21,1560,moderately active,active
CHEMBL1703295,COc1c(OC(C)=O)c(=O)n2c3ccccc3c3ccnc1c32,1580,moderately active,active
CHEMBL4795130,CCOC(=O)CNC(=O)Nc1c2c(cc3c1CCC3)CCC2,1600,moderately active,active
CHEMBL5192873,N#Cc1ccc(Cc2cc(=O)n3nc(Nc4c5c(cc6c4CCC6)CCC5)nc3[nH]2)cc1,1600,moderately active,active
CHEMBL236150,CC(=O)Oc1c(I)cc(I)cc1C(=O)Nc1ccc(Cl)cc1,1610,moderately active,active
CHEMBL602526,Cc1cccc(C(=O)ONC(=N)Cc2cccc3ccccc23)c1,1620,moderately active,active
CHEMBL5176529,O=C(Cc1ccc2ccccc2c1)Nc1cccc(O)c1,1621,moderately active,active
CHEMBL1571123,Cc1ccc(NC(=O)c2nc(S(=O)(=O)Cc3ccccc3)ncc2Cl)cc1,1670,moderately active,active
CHEMBL4781662,CC1=C2CC[C@@](C)(O)[C@@H]2[C@H]2OC(=O)[C@@H](CN(C)CCOc3no[n+]([O-])c3S(=O)(=O)c3ccccc3)[C@@H]2CC1,1700,moderately active,active
CHEMBL5199318,O=c1cc(Cc2ncccn2)[nH]c2nc(Nc3c4c(cc5c3CCC5)CCC4)nn12,1700,moderately active,active
CHEMBL602526,Cc1cccc(C(=O)ONC(=N)Cc2cccc3ccccc23)c1,1720,moderately active,active
CHEMBL1602195,CCCCCNC(=O)C(=O)C1C(=O)Nc2ccccc21,1780,moderately active,active
CHEMBL4640151,O=C(Nc1c2c(cc3c1CCC3)CCC2)NS(=O)(=O)c1ccccc1,1790,moderately active,active
CHEMBL4786342,CC(C)OC(=O)CNC(=O)Nc1c2c(cc3c1CCC3)CCC2,1800,moderately active,active
CHEMBL4781244,C=C1C(=O)O[C@@H]2[C@H]3O[C@@]3(C)CC/C=C(\C)CC[C@@H]12,1800,moderately active,active
CHEMBL4760323,O=C([N-]S(=O)(=O)c1ccccc1)Nc1c2c(cc3c1CCC3)CCC2.[Na+],1800,moderately active,active
CHEMBL5204527,Cn1ccc(Cc2cc(=O)n3nc(Nc4c5c(cc6c4CCC6)CCC5)nc3[nH]2)n1,1800,moderately active,active
CHEMBL5186834,O=c1cc(Cc2ccccc2)[nH]c2nc(Nc3c4c(cc5c3CCC5)CCC4)nn12,1800,moderately active,active
CHEMBL1411435,O=C(NC(=S)NNC(=O)c1ccccc1O)c1ccc(F)cc1,1820,moderately active,active
CHEMBL3920126,CC(C)(O)c1coc(S(=O)(=O)NC(=O)Nc2c3c(cc4c2CC(O)C4)CCC3)c1,1828,moderately active,active
CHEMBL1388722,O=c1cc(-c2ccccc2Cl)oc2ccc([N+](=O)[O-])c(O)c12,1890,moderately active,active
CHEMBL5205427,O=c1cc(CC2CCCCO2)[nH]c2nc(Nc3c4c(cc5c3CCC5)CCC4)nn12,1900,moderately active,active
CHEMBL299112,O=S(=O)(c1ccccc1)c1no[n+]([O-])c1S(=O)(=O)c1ccccc1,1900,moderately active,active
CHEMBL1343658,Cn1c(=O)c(C(=O)NNC(=O)c2ccccc2F)c(O)c2ccccc21,1940,moderately active,active
CHEMBL1427059,CCSc1nsc(NC(=O)Nc2cccc(F)c2)n1,1970,moderately active,active
CHEMBL3929254,CC(C)(O)c1coc(S(=O)(=O)NC(=O)Nc2c3c(cc4c2CCC4O)CCC3)c1,1971,moderately active,active
CHEMBL5197427,Cn1nccc1Cc1cc(=O)n2nc(Nc3c4c(cc5c3CCC5)CCC4)nc2[nH]1,2000,moderately active,active
CHEMBL4757554,COC(=O)C(Cc1cccc(O)c1)NC(=O)Nc1c2c(cc3c1CCC3)CCC2,2000,moderately active,active
CHEMBL1716490,O=C(NCCCCc1ccccc1)c1ccccc1Br,2070,moderately active,active
CHEMBL1366588,Cl.O=C(CCS(=O)(=O)c1ccccc1)N(CCCN1CCOCC1)c1nc2c(F)cccc2s1,2070,moderately active,active
CHEMBL4756259,C/C1=C\CC[C@]2(C)O[C@@H]2[C@H]2OC(=O)[C@@H](CN(C)CCCOc3no[n+]([O-])c3S(=O)(=O)c3ccccc3)[C@@H]2CC1,2200,moderately active,active
CHEMBL5207805,CCCc1ccc(CC(=O)Nc2cccc(O)c2)cc1,2208,moderately active,active
CHEMBL1444685,CN(CC(=O)N1CCc2ccccc2C1)c1ccccc1,2220,moderately active,active
CHEMBL1512568,O=C(NCCC1=CCCCC1)c1c(O)nc2sccn2c1=O,2240,moderately active,active
CHEMBL4798966,CC1=C2CC[C@@](C)(O)[C@@H]2[C@H]2OC(=O)[C@@H](CN(C)CCCOc3no[n+]([O-])c3S(=O)(=O)c3ccccc3)[C@@H]2CC1,2300,moderately active,active
CHEMBL5220890,Cc1nc(S(=O)(=O)NC(=O)Nc2c3c(cc4c2CCC4)CCC3)cn1C,2310,moderately active,active
CHEMBL5203191,O=C(Cc1ccc(OC(F)(F)F)cc1)Nc1cccc(O)c1,2318,moderately active,active
CHEMBL1727095,Cc1csc2nc(O)c(C(=O)NCCC3=CCCCC3)c(=O)n12,2330,moderately active,active
CHEMBL5170114,O=C(Nc1c2c(cc3c1CCC3)CCC2)NS(=O)(=O)c1ccc(N2CCN(CCO)CC2)c2nonc12,2380,moderately active,active
CHEMBL1386774,O=c1c2cc(Br)ccc2nc(-c2ccc([N+](=O)[O-])cc2)n1O,2390,moderately active,active
CHEMBL5208022,N#Cc1cccc(Cc2cc(=O)n3nc(Nc4c5c(cc6c4CCC6)CCC5)nc3[nH]2)c1,2400,moderately active,active
CHEMBL488823,O=C(O)c1ccc(/C=C2\SC(=S)N(Cc3cccc(C(F)(F)F)c3)C2=O)cc1,2400,moderately active,active
CHEMBL5219385,CN(C)CC1COc2c(S(=O)(=O)NC(=O)Nc3c4c(cc5c3CCC5)CCC4)cnn2C1,2400,moderately active,active
CHEMBL2355051,CCN(CC)CCOc1ccc(C(=C(Cl)c2ccccc2)c2ccccc2)cc1,2410,moderately active,active
CHEMBL1707377,O=C(NCCCc1ccccc1)c1c(O)nc2sccn2c1=O,2420,moderately active,active
CHEMBL4643934,O=C(c1ccc(/C=C2\SC(=S)N(c3cccc(C(F)(F)F)c3)C2=O)cc1)N1CCC(O)CC1,2440,moderately active,active
CHEMBL4794211,COC(=O)C(Cc1ccccc1O)NC(=O)Nc1c2c(cc3c1CCC3)CCC2,2500,moderately active,active
CHEMBL5220827,Cn1nccc1S(=O)(=O)NC(=O)Nc1c2c(cc3c1CCC3)CCC2,2550,moderately active,active
CHEMBL4634233,CN1CCN(C(=O)c2ccc(/C=C3\SC(=S)N(c4cccc(OC(F)(F)F)c4)C3=O)cc2)CC1,2570,moderately active,active
CHEMBL5219824,Cc1c(S(=O)(=O)NC(=O)Nc2c3c(cc4c2CCC4)CCC3)cnn1C,2570,moderately active,active
CHEMBL3780602,C=C1C(=O)C[C@H]2[C@H]1CC/C(C)=C/CC[C@@]1(C)O[C@@H]21,2590,moderately active,active
CHEMBL1329507,O=c1c2ccc(Cl)cc2nc(-c2cccc(C(F)(F)F)c2)n1O,2670,moderately active,active
CHEMBL4649793,CN1CCN(C(=O)c2ccc(/C=C3\SC(=S)N(c4cccc(C(F)(F)F)c4)C3=O)cc2)CC1,2690,moderately active,active
CHEMBL1347185,O=c1c2cc(Cl)ccc2nc(-c2ccc([N+](=O)[O-])cc2)n1O,2700,moderately active,active
CHEMBL4799541,COC(=O)[C@@H](Cc1ccc(O)cc1)NC(=O)Nc1c2c(cc3c1CCC3)CCC2,2700,moderately active,active
CHEMBL1530042,CC1CC(=O)c2cnc(Nc3cccc(C(F)(F)F)c3)nc2C1,2730,moderately active,active
CHEMBL4636050,O=C(c1ccc(/C=C2\SC(=S)N(c3cccc(C(F)(F)F)c3)C2=O)cc1)N1CCOCC1,2740,moderately active,active
CHEMBL5172161,COCCc1cc(=O)n2nc(Nc3c4c(cc5c3CCC5)CCC4)nc2[nH]1,2800,moderately active,active
CHEMBL4795430,CS(=O)(=O)[N-]C(=O)Nc1c2c(cc3c1CCC3)CCC2.[Na+],2800,moderately active,active
CHEMBL5177768,O=c1cc(Cc2cccc(Cl)c2)[nH]c2nc(Nc3c4c(cc5c3CCC5)CCC4)nn12,2800,moderately active,active
CHEMBL5172825,Cc1ccc(CC(=O)Nc2cccc(O)c2)cc1,2821,moderately active,active
CHEMBL1602195,CCCCCNC(=O)C(=O)C1C(=O)Nc2ccccc21,2900,moderately active,active
CHEMBL1596325,CCCOc1ccc(C(=O)NNC(=S)NC(=O)c2cccs2)cc1,2930,moderately active,active
CHEMBL1574982,N#Cc1ccc(NC(=O)Nc2ccc(Cl)cc2)cc1,2980,moderately active,active
CHEMBL4639190,CN1CCN(C(=O)c2ccc(/C=C3\SC(=S)N(c4cccc([N+](=O)[O-])c4)C3=O)cc2)CC1,2980,moderately active,active
CHEMBL5207651,COc1ccc(Cc2cc(=O)n3nc(Nc4c5c(cc6c4CCC6)CCC5)nc3[nH]2)cc1,3000,moderately active,active
CHEMBL4789355,CCOC(=O)CNC(=O)Nc1cc2c(c3c1CCCC3)CCC2,3100,moderately active,active
CHEMBL1339245,COc1ccc(CNC(=O)c2c(C)oc3c2C(=O)c2ccccc2C3=O)cc1,3110,moderately active,active
CHEMBL5172364,COc1ccc(CC(=O)Nc2cccc(B(O)O)c2)cc1,3136,moderately active,active
CHEMBL1563728,CCC1Nc2ncnc(N3CCN(c4ccccn4)CC3)c2N(Cc2ccc(Cl)cc2)C1=O.O=C(O)C(F)(F)F,3160,moderately active,active
CHEMBL1505335,Cc1ccc(S(=O)(=O)N2CCN=C2SCc2ccccc2)cc1,3170,moderately active,active
CHEMBL1529733,Cn1c(=O)c(C(=O)Nc2ncccn2)c(O)c2ccccc21,3180,moderately active,active
CHEMBL4641564,O=C(c1ccc(/C=C2\SC(=S)N(c3cccc(OC(F)(F)F)c3)C2=O)cc1)N1CCOCC1,3180,moderately active,active
CHEMBL2001888,CCC1Nc2ncnc(N3CCN(c4ccccn4)CC3)c2N(Cc2ccc(Br)cc2)C1=O.O=C(O)C(F)(F)F,3300,moderately active,active
CHEMBL4760013,COC(=O)[C@@H](Cc1cccnn1)NC(=O)Nc1c2c(cc3c1CCC3)CCC2,3300,moderately active,active
CHEMBL1563728,CCC1Nc2ncnc(N3CCN(c4ccccn4)CC3)c2N(Cc2ccc(Cl)cc2)C1=O.O=C(O)C(F)(F)F,3320,moderately active,active
CHEMBL1532568,O=C(Nc1cccc(Br)c1)c1cc2ccccc2o1,3370,moderately active,active
CHEMBL5207270,O=c1cc(Cc2cccnc2)[nH]c2nc(Nc3c4c(cc5c3CCC5)CCC4)nn12,3400,moderately active,active
CHEMBL5174838,O=c1cc(CC2CCOCC2)[nH]c2nc(Nc3c4c(cc5c3CCC5)CCC4)nn12,3400,moderately active,active
CHEMBL5203089,O=c1cc(CCc2ccccc2)[nH]c2nc(Nc3c4c(cc5c3CCC5)CCC4)nn12,3400,moderately active,active
CHEMBL4639758,O=C(O)c1ccc(/C=C2\SC(=S)N(Cc3cccc(F)c3)C2=O)cc1,3520,moderately active,active
CHEMBL1574982,N#Cc1ccc(NC(=O)Nc2ccc(Cl)cc2)cc1,3530,moderately active,active
CHEMBL1571123,Cc1ccc(NC(=O)c2nc(S(=O)(=O)Cc3ccccc3)ncc2Cl)cc1,3580,moderately active,active
CHEMBL4128029,CCCC(=O)OC[C@@H]1C=CC(=O)CO1,3600,moderately active,active
CHEMBL5205443,CC(=O)Nc1ccc(CC(=O)Nc2cccc(O)c2)cc1,3625,moderately active,active
CHEMBL5219690,O=C(Nc1c2c(cc3c1CCC3)CCC2)NS(=O)(=O)c1nccs1,3660,moderately active,active
CHEMBL4129636,CC(=O)OC1=C(F)C(C(C)=O)[C@@H]2CO[C@H]1O2,3700,moderately active,active
CHEMBL4126909,CC(=O)OC[C@@H]1C=C(F)C(=O)CO1,3700,moderately active,active
CHEMBL5203319,O=c1cc(Cc2ccccc2F)[nH]c2nc(Nc3c4c(cc5c3CCC5)CCC4)nn12,3700,moderately active,active
CHEMBL2001888,CCC1Nc2ncnc(N3CCN(c4ccccn4)CC3)c2N(Cc2ccc(Br)cc2)C1=O.O=C(O)C(F)(F)F,3710,moderately active,active
CHEMBL1994635,Oc1c(/C=N/c2ccccn2)sc2ccccc12,3800,moderately active,active
CHEMBL1512568,O=C(NCCC1=CCCCC1)c1c(O)nc2sccn2c1=O,3800,moderately active,active
CHEMBL1505307,Cc1cccc(NC(=O)N2CCN(Cc3ccc(Cl)cc3)CC2)c1,3800,moderately active,active
CHEMBL5190096,O=C(Cc1ccc(Cl)cc1)Nc1cccc(O)c1,3986,moderately active,active
CHEMBL5175650,Cc1ccccc1Cc1cc(=O)n2nc(Nc3c4c(cc5c3CCC5)CCC4)nc2[nH]1,4000,moderately active,active
CHEMBL1412902,O=C(Nc1scc(-c2ccccc2)c1C(=O)O)c1ccc(F)cc1,4030,moderately active,active
CHEMBL1727095,Cc1csc2nc(O)c(C(=O)NCCC3=CCCCC3)c(=O)n12,4070,moderately active,active
CHEMBL5186642,O=C(Cc1ccc2cc[nH]c2c1)NCc1cccc(O)c1,4146,moderately active,active
CHEMBL4746193,COC(=O)[C@@H](Cc1ccccn1)NC(=O)Nc1c2c(cc3c1CCC3)CCC2,4200,moderately active,active
CHEMBL1732520,Cc1ccc(C2=NOC(C)(c3nnc(-c4ccccc4)o3)C2)cc1,4290,moderately active,active
CHEMBL4128176,CC(=O)OC[C@@H]1C=CC(=O)CO1,4300,moderately active,active
CHEMBL1256359,CC(N)C(=O)OC(C)(C)Cc1ccc(Cl)cc1.Cl,4300,moderately active,active
CHEMBL4649372,O=C(O)c1ccc(/C=C2\SC(=S)N(CCCc3cccc(C(F)(F)F)c3)C2=O)cc1,4320,moderately active,active
CHEMBL1447669,O=C(Nc1cccc(Cl)c1)c1cnn2cccnc12,4350,moderately active,active
CHEMBL1711405,O=C(CN1CCCCC1)NNC(=O)c1cccc(Br)c1,4440,moderately active,active
CHEMBL4786071,COC(=O)[C@@H](Cc1cncnc1)NC(=O)Nc1c2c(cc3c1CCC3)CCC2,4500,moderately active,active
CHEMBL5172572,O=c1cc(CC2CCCCC2)[nH]c2nc(Nc3c4c(cc5c3CCC5)CCC4)nn12,4500,moderately active,active
CHEMBL1398317,COc1cccc(NC(=O)c2ccccc2)c1,4540,moderately active,active
CHEMBL2000196,CC(=O)N(/N=C1\Sc2ccccc2C1=O)c1ccccc1C,4550,moderately active,active
CHEMBL1381195,Cl.Nc1ccc(Oc2cc(N)cc(Oc3ccccc3)c2)cc1,4580,moderately active,active
CHEMBL1381195,Cl.Nc1ccc(Oc2cc(N)cc(Oc3ccccc3)c2)cc1,4740,moderately active,active
CHEMBL1507547,Cc1cccc(N2CCN(CC(O)COc3ccc(Cl)cc3)CC2)c1,4780,moderately active,active
CHEMBL1457403,CCN(CC)c1ccc2nc3ccc(N)cc3[n+](-c3ccccc3)c2c1.[Cl-],4790,moderately active,active
CHEMBL4125713,O=C1C(F)=C[C@@H]2CO[C@H]1O2,4800,moderately active,active
CHEMBL1447078,CCCC1CCC(c2ccc(OCC)cc2)=CC1=O,4850,moderately active,active
CHEMBL4641361,O=C1/C(=C/c2ccc(-c3nnn[nH]3)cc2)SC(=S)N1CCCc1cccc(C(F)(F)F)c1,4850,moderately active,active
CHEMBL1363164,COc1cc(CNCCc2ccccc2)ccc1OCc1ccc(Cl)nc1.Cl,4860,moderately active,active
CHEMBL5202277,CN1CCCC(c2cc(=O)n3nc(Nc4c5c(cc6c4CCC6)CCC5)nc3[nH]2)C1,4900,moderately active,active
CHEMBL5198440,Cn1cc(Cc2cc(=O)n3nc(Nc4c5c(cc6c4CCC6)CCC5)nc3[nH]2)cn1,4900,moderately active,active
CHEMBL1386774,O=c1c2cc(Br)ccc2nc(-c2ccc([N+](=O)[O-])cc2)n1O,4910,moderately active,active
CHEMBL5207526,O=c1cc(CC2CCOC2)[nH]c2nc(Nc3c4c(cc5c3CCC5)CCC4)nn12,5000,moderately active,active
CHEMBL5180066,O=C(Cn1ccc2ccccc2c1=O)Nc1cccc(O)c1,5035,inactive,inactive
CHEMBL1585618,CN(CCOc1ccccc1)c1ccc(S(=O)(=O)N2CCCCC2)cn1,5100,inactive,inactive
CHEMBL4129407,CCCCCCCC(=O)OC[C@@H]1C=CC(=O)CO1,5100,inactive,inactive
CHEMBL16312,COc1ccc(-c2cc(=O)c3ccccc3o2)cc1,5400,inactive,inactive
CHEMBL5203357,O=c1cc(CC2COCCN2)[nH]c2nc(Nc3c4c(cc5c3CCC5)CCC4)nn12,5400,inactive,inactive
CHEMBL5169601,Cn1cnc(Cc2cc(=O)n3nc(Nc4c5c(cc6c4CCC6)CCC5)nc3[nH]2)c1,5500,inactive,inactive
CHEMBL4643594,O=C1/C(=C/c2ccc(-c3nnn[nH]3)cc2)SC(=S)N1Cc1cccc(C(F)(F)F)c1,5580,inactive,inactive
CHEMBL4632676,O=C1S/C(=C\c2ccc(-c3nnn[nH]3)cc2)C(=O)N1Cc1cccc(C(F)(F)F)c1,5610,inactive,inactive
CHEMBL1451060,O=C(NNC(=S)NC(=O)c1ccc(Br)cc1)c1ccc([N+](=O)[O-])cc1,5630,inactive,inactive
CHEMBL453974,C[C@@H]1C[C@@H]2O[C@H]2/C=C\C=C\C(=O)Cc2c(Cl)c(O)cc(O)c2C(=O)O1,5660,inactive,inactive
CHEMBL4228911,COc1ccc(C/C(=N\O)c2nc3ccc(Cl)cc3o2)cc1,5720,inactive,inactive
CHEMBL1577062,COc1ccccc1CNC(=O)c1ccc(SC)cc1OC,5780,inactive,inactive
CHEMBL5205326,O=c1cc(Cc2ccncc2)[nH]c2nc(Nc3c4c(cc5c3CCC5)CCC4)nn12,5800,inactive,inactive
CHEMBL449579,C=C1C(=O)O[C@H]2[C@H]1CCC(C)=C1CC[C@@](C)(O)[C@@H]12,5900,inactive,inactive
CHEMBL4636870,O=C(O)c1ccc(/C=C2\SC(=S)N(CCc3cccc(C(F)(F)F)c3)C2=O)cc1,5910,inactive,inactive
CHEMBL1334557,CCOC(=O)N1C(=O)C2(CCCCC2)N(c2ccccc2Cl)C1=S,5920,inactive,inactive
CHEMBL4644329,O=C(O)c1ccc(/C=C2\SC(=O)N(Cc3cccc(C(F)(F)F)c3)C2=O)cc1,5960,inactive,inactive
CHEMBL1313152,c1ccc(OCc2nnnn2-c2ccccc2)cc1,6000,inactive,inactive
CHEMBL4744586,CCOC(=O)C(Cc1ccnnc1)NC(=O)Nc1c2c(cc3c1CCC3)CCC2,6000,inactive,inactive
CHEMBL5174663,CN1CCOCC1Cc1cc(=O)n2nc(Nc3c4c(cc5c3CCC5)CCC4)nc2[nH]1,6000,inactive,inactive
CHEMBL4757956,COC(=O)[C@@H](Cc1ccccc1)NC(=O)Nc1c2c(cc3c1CCC3)CCC2,6100,inactive,inactive
CHEMBL5219249,CN1CCn2ncc(S(=O)(=O)NC(=O)Nc3c4c(cc5c3CCC5)CCC4)c2C1=O,6200,inactive,inactive
CHEMBL1558285,CCN(CC)c1ccc2nc3ccccc3[n+](CC)c2c1.[I-],6230,inactive,inactive
CHEMBL1596681,Br.CCCCCCCCCn1c2c(c(=N)c3c1CCC3)CCC2,6260,inactive,inactive
CHEMBL4646705,O=C(O)c1ccc(/C=C2\SC(=S)N(Cc3cccnc3)C2=O)cc1,6270,inactive,inactive
CHEMBL5203803,O=c1cc(C2CCOCC2)[nH]c2nc(Nc3c4c(cc5c3CCC5)CCC4)nn12,6300,inactive,inactive
CHEMBL3191011,O=[N+]([O-])c1cccc(/C=N/Nc2nc(NCc3ccccc3)nc(N3CCOCC3)n2)c1O,6340,inactive,inactive
CHEMBL3906283,CC(C)(O)c1coc(S(=O)(=O)NC(=O)Nc2c3c(cc4c2CC[C@@H]4O)CCC3)c1,6352,inactive,inactive
CHEMBL461939,O=C(O)c1ccc(/C=C2\SC(=S)N(c3cccc(C(F)(F)F)c3)C2=O)cc1,6390,inactive,inactive
CHEMBL4647571,O=C1/C(=C/c2ccc(-c3nnn[nH]3)cc2)SC(=S)N1CCc1cccc(C(F)(F)F)c1,6500,inactive,inactive
CHEMBL1541722,Cc1onc(-c2ccccc2Cl)c1C(=O)N1C=CC(C(F)(F)F)=NCC1,6510,inactive,inactive
CHEMBL4126941,O=C1C=C[C@H]2CO[C@@H]1O2,6600,inactive,inactive
CHEMBL1347185,O=c1c2cc(Cl)ccc2nc(-c2ccc([N+](=O)[O-])cc2)n1O,6600,inactive,inactive
CHEMBL4764712,COC(=O)CNC(=O)Nc1c2c(cc3c1CCC3)CCC2,6800,inactive,inactive
CHEMBL4748876,CCOC(=O)C(Cc1ccncn1)NC(=O)Nc1c2c(cc3c1CCC3)CCC2,6800,inactive,inactive
CHEMBL5169914,CN(C(=O)Cc1ccc2cc[nH]c2c1)c1cccc(O)c1,7096,inactive,inactive
CHEMBL3193158,CCCCCC(=O)N1CCN(CC/N=C/C2=C(O)CC(c3ccco3)CC2=O)CC1,7300,inactive,inactive
CHEMBL1525362,c1ccc(C2Nc3ccccc3C3OCCCC23)cc1,7360,inactive,inactive
CHEMBL4648131,COc1ccc(S(=O)(=O)N/N=C(\C)c2nc3ccccc3o2)cc1,7500,inactive,inactive
CHEMBL1339092,I.c1ccc(Sc2cccc3ccccc23)c(CNC2=NCCN2)c1,7620,inactive,inactive
CHEMBL4647496,O=C(O)c1ccc(/C=C2\SC(=S)N(Cc3ccc(-c4ccccc4)cc3)C2=O)cc1,7630,inactive,inactive
CHEMBL5176716,O=c1cc(CN2CCOCC2)[nH]c2nc(Nc3c4c(cc5c3CCC5)CCC4)nn12,7800,inactive,inactive
CHEMBL4795253,CC(=O)c1ccc(S(=O)(=O)N(c2ccc3c(c2)N(S(C)(=O)=O)CCC3)S(=O)(=O)c2ccc(C(C)=O)cc2)cc1,7810,inactive,inactive
CHEMBL1411435,O=C(NC(=S)NNC(=O)c1ccccc1O)c1ccc(F)cc1,7940,inactive,inactive
CHEMBL1336269,COc1ccc(NC(=O)C#Cc2ccccc2)cc1,8010,inactive,inactive
CHEMBL1256359,CC(N)C(=O)OC(C)(C)Cc1ccc(Cl)cc1.Cl,8020,inactive,inactive
CHEMBL1447669,O=C(Nc1cccc(Cl)c1)c1cnn2cccnc12,8190,inactive,inactive
CHEMBL1580883,COc1ccc(-c2nn(-c3ccccc3)cc2C=O)cc1,8260,inactive,inactive
CHEMBL2000196,CC(=O)N(/N=C1\Sc2ccccc2C1=O)c1ccccc1C,8340,inactive,inactive
CHEMBL453974,C[C@@H]1C[C@@H]2O[C@H]2/C=C\C=C\C(=O)Cc2c(Cl)c(O)cc(O)c2C(=O)O1,8410,inactive,inactive
CHEMBL3193158,CCCCCC(=O)N1CCN(CC/N=C/C2=C(O)CC(c3ccco3)CC2=O)CC1,8620,inactive,inactive
CHEMBL1541722,Cc1onc(-c2ccccc2Cl)c1C(=O)N1C=CC(C(F)(F)F)=NCC1,8660,inactive,inactive
CHEMBL5176441,CCc1cc(=O)n2nc(Nc3c4c(cc5c3CCC5)CCC4)nc2[nH]1,8700,inactive,inactive
CHEMBL1518625,Br.CCCCCCCCn1c2c(c(=N)c3ccccc31)CCC2,8750,inactive,inactive
CHEMBL5186769,CN1CCOC(Cc2cc(=O)n3nc(Nc4c5c(cc6c4CCC6)CCC5)nc3[nH]2)C1,8800,inactive,inactive
CHEMBL5185500,S=c1cc(CC2CCCCO2)[nH]c2nc(Nc3c4c(cc5c3CCC5)CCC4)nn12,8900,inactive,inactive
CHEMBL601543,CCN1/C(=C/C=C/c2oc3ccc(-c4ccccc4)cc3[n+]2CC)Oc2ccc(-c3ccccc3)cc21.CCOS(=O)(=O)[O-],8930,inactive,inactive
CHEMBL1596325,CCCOc1ccc(C(=O)NNC(=S)NC(=O)c2cccs2)cc1,8960,inactive,inactive
CHEMBL1596681,Br.CCCCCCCCCn1c2c(c(=N)c3c1CCC3)CCC2,9020,inactive,inactive
CHEMBL601543,CCN1/C(=C/C=C/c2oc3ccc(-c4ccccc4)cc3[n+]2CC)Oc2ccc(-c3ccccc3)cc21.CCOS(=O)(=O)[O-],9070,inactive,inactive
CHEMBL1388722,O=c1cc(-c2ccccc2Cl)oc2ccc([N+](=O)[O-])c(O)c12,9170,inactive,inactive
CHEMBL5207084,CN(C)c1cccc2c(S(=O)(=O)NC(=O)Nc3c4c(cc5c3CCC5)CCC4)cccc12,9180,inactive,inactive
CHEMBL3192672,C=CCc1c(C)nc(C)nc1N/N=C/c1ccccc1O,9370,inactive,inactive
CHEMBL1707377,O=C(NCCCc1ccccc1)c1c(O)nc2sccn2c1=O,9610,inactive,inactive
CHEMBL1339245,COc1ccc(CNC(=O)c2c(C)oc3c2C(=O)c2ccccc2C3=O)cc1,9700,inactive,inactive
CHEMBL1532568,O=C(Nc1cccc(Br)c1)c1cc2ccccc2o1,9810,inactive,inactive
CHEMBL1549127,CCOC(=O)c1ccc2c(c1)nc(COc1ccc(OC)cc1)n2CC,9830,inactive,inactive
CHEMBL4786963,CC(C)(C)c1ccc(S(=O)(=O)N(c2ccc3c(c2)N(S(C)(=O)=O)CCC3)S(=O)(=O)c2ccc(C(C)(C)C)cc2)cc1,9860,inactive,inactive
CHEMBL4646271,N#CN=S(=O)(NC(=O)Nc1c2c(cc3c1CCC3)CCC2)c1ccncc1,10000,inactive,inactive
CHEMBL28,O=c1cc(-c2ccc(O)cc2)oc2cc(O)cc(O)c12,10000,inactive,inactive
CHEMBL4443648,CCn1c(-c2ccccc2)nc2cc(C)ccc21,10000,inactive,inactive
CHEMBL4636825,N#CN=S(=O)(NC(=O)Nc1c2c(cc3c1CCC3)CCC2)c1cccnc1,10000,inactive,inactive
CHEMBL4644835,Cc1ccc(S(=O)(=NC#N)NC(=O)Nc2c3c(cc4c2CCC4)CCC3)cc1F,10000,inactive,inactive
CHEMBL4646548,CN1CCN(C(=O)c2ccc(/C=C3\SC(=S)N(Cc4cccc(C(F)(F)F)c4)C3=O)cc2)CC1,10000,inactive,inactive
CHEMBL4641183,O=C(O)c1ccc(/C=C2\SC(=S)N(Cc3cccc(OC(F)(F)F)c3)C2=O)cc1,10000,inactive,inactive
CHEMBL4643205,N#CN=S(=O)(NC(=O)Nc1c2c(cc3c1CCC3)CCC2)c1ccc(C#N)cc1,10000,inactive,inactive
CHEMBL5171049,O=c1cc(Cc2ccc(Cl)cc2)[nH]c2nc(Nc3c4c(cc5c3CCC5)CCC4)nn12,10000,inactive,inactive
CHEMBL4647621,N#CN=S(=O)(NC(=O)Nc1c2c(cc3c1CCC3)CCC2)c1ccccc1,10000,inactive,inactive
CHEMBL4862114,CC(C)c1cc(F)c(F)c2c1CC(=O)NS(=O)(=O)c1nn(cc1F)C(C)(C)COc1cc-2ccn1,10000,inactive,inactive
CHEMBL4649141,N#CN=S(=O)(NC(=O)Nc1c2c(cc3c1CCC3)CCC2)c1ccccn1,10000,inactive,inactive
CHEMBL4647321,Cc1ccc(S(=O)(=NC#N)NC(=O)Nc2c3c(cc4c2CCC4)CCC3)cc1,10000,inactive,inactive
CHEMBL4641961,N#CN=S(=O)(NC(=O)Nc1c2c(cc3c1CCC3)CCC2)c1cccc(C#N)c1,10000,inactive,inactive
CHEMBL4752523,O=C(Nc1c2c(cc3c1CCC3)CCC2)NS(=O)(=O)/C=C/c1nccs1,10000,inactive,inactive
CHEMBL4642387,O=C(Nc1ccccc1)c1ccc(/C=C2\SC(=S)N(c3cccc(C(F)(F)F)c3)C2=O)cc1,10000,inactive,inactive
CHEMBL1539913,Brc1ccc(-n2cnc(-c3ccccc3)c2)cc1,10100,inactive,inactive
CHEMBL129795,O=C(/C=C/c1ccc(O)cc1)c1ccc(O)cc1O,10100,inactive,inactive
CHEMBL1994635,Oc1c(/C=N/c2ccccn2)sc2ccccc12,10200,inactive,inactive
CHEMBL1412902,O=C(Nc1scc(-c2ccccc2)c1C(=O)O)c1ccc(F)cc1,10300,inactive,inactive
CHEMBL1709001,Cc1cccn2c(O)c(C(=O)NCCCN3CC(C)CC(C)C3)c(=O)nc12,10300,inactive,inactive
CHEMBL1334557,CCOC(=O)N1C(=O)C2(CCCCC2)N(c2ccccc2Cl)C1=S,10600,inactive,inactive
CHEMBL1329507,O=c1c2ccc(Cl)cc2nc(-c2cccc(C(F)(F)F)c2)n1O,11000,inactive,inactive
CHEMBL1339092,I.c1ccc(Sc2cccc3ccccc23)c(CNC2=NCCN2)c1,11700,inactive,inactive
CHEMBL4781934,CS(=O)(=O)N1CCCc2ccc(N(S(=O)(=O)CCN3C(=O)c4ccccc4C3=O)S(=O)(=O)CCN3C(=O)c4ccccc4C3=O)cc21,11720,inactive,inactive
CHEMBL1518625,Br.CCCCCCCCn1c2c(c(=N)c3ccccc31)CCC2,11900,inactive,inactive
CHEMBL472,COc1ccc(Cl)cc1C(=O)NCCc1ccc(S(=O)(=O)NC(=O)NC2CCCCC2)cc1,12000,inactive,inactive
CHEMBL5208173,CC(C)(C)c1ccc(CC(=O)Nc2cccc(O)c2)cc1,12420,inactive,inactive
CHEMBL1559889,CC(C)NC(=O)c1c(O)nc2ccccc2c1O,13100,inactive,inactive
CHEMBL5187380,O=C(Cc1cc2ccccc2[nH]1)Nc1cccc(O)c1,13220,inactive,inactive
CHEMBL1529733,Cn1c(=O)c(C(=O)Nc2ncccn2)c(O)c2ccccc21,13600,inactive,inactive
CHEMBL1398317,COc1cccc(NC(=O)c2ccccc2)c1,13700,inactive,inactive
CHEMBL4796009,CS(=O)(=O)N1CCCc2ccc(N(S(=O)(=O)c3ccccc3[N+](=O)[O-])S(=O)(=O)c3ccccc3[N+](=O)[O-])cc21,13720,inactive,inactive
CHEMBL4635308,C/C(=N\NS(=O)(=O)c1ccc(C)cc1)c1nc2ccccc2o1,13800,inactive,inactive
CHEMBL4744726,COC(=O)C(Cc1ccccc1)NC(=O)Nc1c2c(cc3c1CCC3)CCC2,14000,inactive,inactive
CHEMBL1558285,CCN(CC)c1ccc2nc3ccccc3[n+](CC)c2c1.[I-],14300,inactive,inactive
CHEMBL4798266,CCCCS(=O)(=O)N(c1ccc2c(c1)N(S(C)(=O)=O)CCC2)S(=O)(=O)CCCC,14780,inactive,inactive
CHEMBL1709001,Cc1cccn2c(O)c(C(=O)NCCCN3CC(C)CC(C)C3)c(=O)nc12,14900,inactive,inactive
CHEMBL4792984,CS(=O)(=O)N1CCCc2ccc(N(S(=O)(=O)c3ccc(-c4ccccc4)cc3)S(=O)(=O)c3ccc(-c4ccccc4)cc3)cc21,14950,inactive,inactive
CHEMBL4227459,Cc1ccc2nc(/C(Cc3ccccc3)=N/O)oc2c1,15880,inactive,inactive
CHEMBL5185377,Cn1cncc1Cc1cc(=O)n2nc(Nc3c4c(cc5c3CCC5)CCC4)nc2[nH]1,16000,inactive,inactive
CHEMBL4795253,CC(=O)c1ccc(S(=O)(=O)N(c2ccc3c(c2)N(S(C)(=O)=O)CCC3)S(=O)(=O)c2ccc(C(C)=O)cc2)cc1,17200,inactive,inactive
CHEMBL1716490,O=C(NCCCCc1ccccc1)c1ccccc1Br,18500,inactive,inactive
CHEMBL4797667,CC(C)(O)c1coc(S(=O)(=O)[N-]C(=O)Nc2ccccc2)c1.[K+],20000,inactive,inactive
CHEMBL4764240,CCOC(=O)CNC(=O)Nc1c(C)cccc1C,20000,inactive,inactive
CHEMBL4740907,COC(=O)[C@@H](Cc1ccncc1)NC(=O)Nc1c2c(cc3c1CCC3)CCC2,20000,inactive,inactive
CHEMBL4786282,CC(C)(O)c1coc(S(=O)(=O)NC(=O)Nc2cccc3c2CCC3)c1,20000,inactive,inactive
CHEMBL4765040,CCOC(=O)CNC(=O)Nc1c2c(cc3c1CCC3)CCCC2,20000,inactive,inactive
CHEMBL4783425,CCOC(=O)CNC(=O)Nc1c2c(nc3c1CCC3)CCC2,20000,inactive,inactive
CHEMBL4749410,COC(=O)CNC(=O)Nc1c(C(C)C)cccc1C(C)C,20000,inactive,inactive
CHEMBL4762837,COC(=O)C(CCc1ccccc1)NC(=O)Nc1c2c(cc3c1CCC3)CCC2,20000,inactive,inactive
CHEMBL4785852,O=C(O)CNC(=O)Nc1c2c(cc3c1CCC3)CCC2,20000,inactive,inactive
CHEMBL4755720,Cc1nc(CNC(=O)Nc2c3c(cc4c2CCC4)CCC3)no1,20000,inactive,inactive
CHEMBL4749848,COC(=O)CC(=O)Nc1c2c(cc3c1CCC3)CCC2,20000,inactive,inactive
CHEMBL4754580,CNC(=O)CNC(=O)Nc1c2c(cc3c1CCC3)CCC2,20000,inactive,inactive
CHEMBL4784022,CN(C)C(=O)CNC(=O)Nc1c2c(cc3c1CCC3)CCC2,20000,inactive,inactive
CHEMBL4741383,CCOC(=O)CNC(=O)NC(c1ccccc1)c1ccccc1,20000,inactive,inactive
CHEMBL4745189,O=C(CNS(=O)(=O)c1ccccc1)Nc1c2c(cc3c1CCC3)CCC2,20000,inactive,inactive
CHEMBL4748564,O=C(O)CC(=O)Nc1c2c(cc3c1CCC3)CCC2,20000,inactive,inactive
CHEMBL1980395,CCOC(=O)CNC(=O)NC12CC3CC(CC(C3)C1)C2,20000,inactive,inactive
CHEMBL4744580,Cc1nnc(CNC(=O)Nc2c3c(cc4c2CCC4)CCC3)o1,20000,inactive,inactive
CHEMBL4797478,CCOC(=O)CNC(=O)Nc1c2c(c(Cl)c3c1CCC3)CCC2,20000,inactive,inactive
CHEMBL4780080,CC(C)(C)OC(=O)CNC(=O)Nc1c2c(cc3c1CCC3)CCC2,20000,inactive,inactive
CHEMBL4750067,COC(=O)C(C)(C)NC(=O)Nc1c2c(cc3c1CCC3)CCC2,20000,inactive,inactive
CHEMBL4742164,COC(=O)[C@H](Cc1ccccc1)NC(=O)Nc1c2c(cc3c1CCC3)CCC2,20000,inactive,inactive
CHEMBL5192039,O=c1cc(CC2CNCCO2)[nH]c2nc(Nc3c4c(cc5c3CCC5)CCC4)nn12,20000,inactive,inactive
CHEMBL4756014,O=C(CS(=O)(=O)Nc1ccccc1)Nc1c2c(cc3c1CCC3)CCC2,20000,inactive,inactive
CHEMBL4227524,O/N=C(\Cc1ccccc1)c1nc2ccc(Cl)cc2o1,21950,inactive,inactive
CHEMBL1711405,O=C(CN1CCCCC1)NNC(=O)c1cccc(Br)c1,23300,inactive,inactive
CHEMBL140,COc1cc(/C=C/C(=O)CC(=O)/C=C/c2ccc(O)c(OC)c2)ccc1O,24200,inactive,inactive
CHEMBL3191011,O=[N+]([O-])c1cccc(/C=N/Nc2nc(NCc3ccccc3)nc(N3CCOCC3)n2)c1O,24300,inactive,inactive
CHEMBL1577062,COc1ccccc1CNC(=O)c1ccc(SC)cc1OC,24800,inactive,inactive
CHEMBL2355051,CCN(CC)CCOc1ccc(C(=C(Cl)c2ccccc2)c2ccccc2)cc1,29300,inactive,inactive
CHEMBL1363164,COc1cc(CNCCc2ccccc2)ccc1OCc1ccc(Cl)nc1.Cl,30100,inactive,inactive
CHEMBL16312,COc1ccc(-c2cc(=O)c3ccccc3o2)cc1,31000,inactive,inactive
CHEMBL1539913,Brc1ccc(-n2cnc(-c3ccccc3)c2)cc1,35400,inactive,inactive
CHEMBL4229108,COc1ccccc1C(=O)O/N=C(\C)c1nc2ccccc2o1,39470,inactive,inactive
CHEMBL5207612,Cc1cc2[nH]c(Nc3c4c(cc5c3CCC5)CCC4)nn2c(=O)n1,40000,inactive,inactive
CHEMBL5189790,O=c1cc(C2CCCNC2)[nH]c2nc(Nc3c4c(cc5c3CCC5)CCC4)nn12,40000,inactive,inactive
CHEMBL5200838,O=c1cc(Cc2ccccn2)[nH]c2nc(Nc3c4c(cc5c3CCC5)CCC4)nn12,40000,inactive,inactive
CHEMBL5188716,Cc1[nH]c2nc(Nc3c4c(cc5c3CCC5)CCC4)nn2c(=O)c1C#N,40000,inactive,inactive
CHEMBL5208497,CN1CCN(Cc2cc(=O)n3nc(Nc4c5c(cc6c4CCC6)CCC5)nc3[nH]2)CC1,40000,inactive,inactive
CHEMBL5173382,Cc1ccn2nc(Nc3c4c(cc5c3CCC5)CCC4)nc2n1,40000,inactive,inactive
CHEMBL5174347,Cc1[nH]c2nc(Nc3c4c(cc5c3CCC5)CCC4)nn2c(=O)c1Cc1ccccc1,40000,inactive,inactive
CHEMBL5182012,Cc1c[nH]c2nc(Nc3c4c(cc5c3CCC5)CCC4)nn2c1=O,40000,inactive,inactive
CHEMBL5203371,Cc1[nH]c2nc(Nc3c4c(cc5c3CCC5)CCC4)nn2c(=O)c1C,40000,inactive,inactive
CHEMBL5190936,Cc1cc(=O)n2nc(Nc3c4c(cc5c3CCC5)CCC4)nc2n1C,40000,inactive,inactive
CHEMBL5171938,CN1CCC(c2cc(=O)n3nc(Nc4c5c(cc6c4CCC6)CCC5)nc3[nH]2)CC1,40000,inactive,inactive
CHEMBL5186145,COc1c(C)[nH]c2nc(Nc3c4c(cc5c3CCC5)CCC4)nn2c1=O,40000,inactive,inactive
CHEMBL5205427,O=c1cc(CC2CCCCO2)[nH]c2nc(Nc3c4c(cc5c3CCC5)CCC4)nn12,40000,inactive,inactive
CHEMBL5169534,O=c1cc(C2CCNCC2)[nH]c2nc(Nc3c4c(cc5c3CCC5)CCC4)nn12,40000,inactive,inactive
CHEMBL1732520,Cc1ccc(C2=NOC(C)(c3nnc(-c4ccccc4)o3)C2)cc1,41200,inactive,inactive
CHEMBL1505335,Cc1ccc(S(=O)(=O)N2CCN=C2SCc2ccccc2)cc1,41800,inactive,inactive
CHEMBL4127699,O=C1C=C[C@@H](CO)OC1,42000,inactive,inactive
CHEMBL1505307,Cc1cccc(NC(=O)N2CCN(Cc3ccc(Cl)cc3)CC2)c1,43400,inactive,inactive
CHEMBL3192672,C=CCc1c(C)nc(C)nc1N/N=C/c1ccccc1O,45500,inactive,inactive
CHEMBL1530042,CC1CC(=O)c2cnc(Nc3cccc(C(F)(F)F)c3)nc2C1,46000,inactive,inactive
CHEMBL1447078,CCCC1CCC(c2ccc(OCC)cc2)=CC1=O,53900,inactive,inactive
CHEMBL4538032,C=C(Cc1ccccc1Cl)C(=O)NCCc1ccc(S(N)(=O)=O)cc1,74000,inactive,inactive
CHEMBL4538032,C=C(Cc1ccccc1Cl)C(=O)NCCc1ccc(S(N)(=O)=O)cc1,74000,inactive,inactive
CHEMBL1507547,Cc1cccc(N2CCN(CC(O)COc3ccc(Cl)cc3)CC2)c1,76600,inactive,inactive
CHEMBL1580883,COc1ccc(-c2nn(-c3ccccc3)cc2C=O)cc1,81000,inactive,inactive
CHEMBL1549127,CCOC(=O)c1ccc2c(c1)nc(COc1ccc(OC)cc1)n2CC,100000,inactive,inactive
CHEMBL1585618,CN(CCOc1ccccc1)c1ccc(S(=O)(=O)N2CCCCC2)cn1,100000,inactive,inactive
CHEMBL1444685,CN(CC(=O)N1CCc2ccccc2C1)c1ccccc1,100000,inactive,inactive
CHEMBL1451060,O=C(NNC(=S)NC(=O)c1ccc(Br)cc1)c1ccc([N+](=O)[O-])cc1,100000,inactive,inactive
CHEMBL5169347,COc1ccc(CC(=O)Nc2cccc(CO)c2)cc1,100000,inactive,inactive
CHEMBL5205740,O=C(Cc1ccc2c(c1)OCO2)Nc1cccc(O)c1,100000,inactive,inactive
CHEMBL5190030,CCCCCc1ccc(CC(=O)Nc2cccc(O)c2)cc1,100000,inactive,inactive
CHEMBL5192602,COC(=O)c1cccc(NC(=O)Cc2ccc(OC)cc2)c1,100000,inactive,inactive
CHEMBL5197222,COc1ccc(CC(=O)Nc2cccc(C(=O)O)c2)cc1,100000,inactive,inactive
CHEMBL5197119,COc1ccc(CC(=O)Nc2cccc(S(N)(=O)=O)c2)cc1,100000,inactive,inactive
CHEMBL5180006,O=C(Cn1ccc2ccccc21)Nc1cccc(O)c1,100000,inactive,inactive
CHEMBL5178097,COc1ccc(CC(=O)Nc2ccc3c(c2)B(O)OC3)cc1,100000,inactive,inactive
CHEMBL5189326,COc1ccc(CC(=O)Nc2cccc(F)c2)cc1,100000,inactive,inactive
CHEMBL5192251,O=C(NCc1ccc2cc[nH]c2c1)c1cccc(O)c1,100000,inactive,inactive
CHEMBL1531200,Cc1nc2ccc(Nc3nc4cc(S(=O)(=O)N5CCOCC5)ccc4o3)cc2s1,100000,inactive,inactive
CHEMBL5192979,O=C(Cc1ccc([N+](=O)[O-])cc1)Nc1cccc(O)c1,100000,inactive,inactive
CHEMBL5183946,COc1ccc(CC(=O)Nc2ccc3c(c2)COC3)cc1,100000,inactive,inactive
CHEMBL5184988,O=C(Cc1ccc(-c2ccccc2)cc1)Nc1cccc(O)c1,100000,inactive,inactive
CHEMBL5182880,O=C(Cc1ccc(OCc2ccccc2)cc1)Nc1cccc(O)c1,100000,inactive,inactive
CHEMBL5175503,COc1ccc(CC(=O)Nc2ccc3ncoc3c2)cc1,100000,inactive,inactive
CHEMBL5181840,COc1ccc(CC(=O)Nc2cccc(OC(F)F)c2)cc1,100000,inactive,inactive
CHEMBL5176135,COc1ccc(CC(=O)Nc2ccccc2O)cc1,100000,inactive,inactive
CHEMBL5183967,COc1ccc(CC(=O)Nc2ccc3c(c2)C(=O)NC3)cc1,100000,inactive,inactive
CHEMBL5205278,COc1ccc(CC(=O)Nc2ccc3c(c2)C(=O)CC3)cc1,100000,inactive,inactive
CHEMBL5202864,COc1ccc(CC(=O)Nc2cccc(Cl)c2)cc1,100000,inactive,inactive
CHEMBL211693,O=C(Cc1ccccc1)Nc1cccc(O)c1,100000,inactive,inactive
CHEMBL5192177,COc1ccc(CC(=O)Nc2cccc(Br)c2)cc1,100000,inactive,inactive
CHEMBL5196600,O=C(Cc1cccc2[nH]ccc12)Nc1cccc(O)c1,100000,inactive,inactive
CHEMBL5196699,COc1ccc(CC(=O)Nc2cccc(OC)c2)cc1,100000,inactive,inactive
CHEMBL5171597,O=C(Cc1c[nH]c2ccccc12)Nc1cccc(O)c1,100000,inactive,inactive
CHEMBL5173470,COc1ccc(CC(=O)Nc2cccc(C(C)(C)O)c2)cc1,100000,inactive,inactive
CHEMBL1802309,COc1ccc(CC(=O)Nc2ccc(O)cc2)cc1,100000,inactive,inactive
CHEMBL5182226,COc1cccc(CC(=O)Nc2cccc(O)c2)c1,100000,inactive,inactive
CHEMBL5208282,COc1ccc(CC(=O)Nc2ccc3c(c2)CNC3=O)cc1,100000,inactive,inactive
CHEMBL5185975,O=C(Cc1cccc2ccccc12)Nc1cccc(O)c1,100000,inactive,inactive
CHEMBL5172367,CS(=O)(=O)Nc1ccc(CC(=O)Nc2cccc(O)c2)cc1,100000,inactive,inactive
CHEMBL5192338,COc1ccc(CC(=O)Nc2cccc([N+](=O)[O-])c2)cc1,100000,inactive,inactive
CHEMBL5204576,COc1ccc(CC(=O)Nc2cccc(C)c2)cc1,100000,inactive,inactive
CHEMBL5170851,O=C(Cc1ccc(O)cc1)Nc1cccc(O)c1,100000,inactive,inactive
CHEMBL5184600,COc1ccc(CC(=O)Nc2ccc3c(c2)C(=O)OC3)cc1,100000,inactive,inactive
CHEMBL5202880,COc1ccc(CC(=O)Nc2cccc(N)c2)cc1,100000,inactive,inactive
CHEMBL5206185,COc1ccc(CC(=O)Nc2ccc3c(c2)COC3=O)cc1,100000,inactive,inactive
CHEMBL5204151,COc1ccccc1CC(=O)Nc1cccc(O)c1,100000,inactive,inactive
CHEMBL5169525,COc1ccc(CC(=O)Nc2ccc3c(c2)OC(F)(F)O3)cc1,100000,inactive,inactive
CHEMBL5187588,COc1ccc(CC(=O)Nc2cccc(C(C)=O)c2)cc1,100000,inactive,inactive
CHEMBL5190221,COc1ccc(CC(=O)Nc2cccc(OC(F)(F)F)c2)cc1,100000,inactive,inactive
CHEMBL5198156,COc1ccc(CC(=O)Nc2ccccc2)cc1,100000,inactive,inactive
CHEMBL5181056,O=C(Cc1ccc2ncccc2c1)Nc1cccc(O)c1,100000,inactive,inactive
CHEMBL5196080,CS(=O)(=O)c1ccc(CC(=O)Nc2cccc(O)c2)cc1,100000,inactive,inactive
CHEMBL4441031,COc1ccc(CC(=O)Nc2cccc(C(F)(F)F)c2)cc1,100000,inactive,inactive
CHEMBL5197232,O=C(Cc1ccc2c(c1)CCO2)Nc1cccc(O)c1,100000,inactive,inactive
CHEMBL5205674,O=C(Nc1cccc(O)c1)c1ccc2cc[nH]c2c1,100000,inactive,inactive
CHEMBL5176442,O=C(Cc1ccc(F)cc1)Nc1cccc(O)c1,100000,inactive,inactive
CHEMBL5180041,O=C(Cc1ccc2cc[nH]c2c1)Nc1cccc(O)c1,1630000,inactive,inactive
CHEMBL4126946,O=C1CO[C@H](CO)[C@@H](O)C1,2300000,inactive,inactive
